id,cement,slag,ash,water,superplastic,coarseagg,fineagg,age,strength
A1,102,153,0,192,0,887,942,3,4.57
A2,102,153,0,192,0,887,942,7,7.68
A3,102,153,0,192,0,887,942,28,17.28
A4,102,153,0,192,0,887,942,90,25.46
A5,108.3,162.4,0,203.5,0,938.2,849,3,2.33
A6,108.3,162.4,0,203.5,0,938.2,849,7,7.72
A7,108.3,162.4,0,203.5,0,938.2,849,28,20.59
A8,108.3,162.4,0,203.5,0,938.2,849,90,29.23
A9,116,173,0,192,0,909.8,891.9,3,6.28
A10,116,173,0,192,0,909.8,891.9,7,10.09
A11,116,173,0,192,0,909.8,891.9,28,22.35
A12,116,173,0,192,0,909.8,891.9,90,31.02
A13,122.6,183.9,0,203.5,0,958.2,800.1,3,3.32
A14,122.6,183.9,0,203.5,0,958.2,800.1,7,10.35
A15,122.6,183.9,0,203.5,0,958.2,800.1,28,24.29
A16,122.6,183.9,0,203.5,0,958.2,800.1,90,33.19
A17,132,207,161,179,5,867,736,28,33.3
A18,132,206.5,160.9,178.9,5.5,866.9,735.6,28,33.31
A19,133,200,0,192,0,927.4,839.2,3,6.88
A20,133,200,0,192,0,927.4,839.2,7,13.66
A21,133,210,0,196,3,949,795,28,31.03
A22,133,200,0,192,0,927.4,839.2,28,27.87
A23,133,200,0,192,0,927.4,839.2,90,36.59
A24,133.1,210.2,0,195.7,3.1,949.4,795.3,28,28.94
A25,134.7,0,165.7,180.2,10,961,804.9,28,13.29
A26,135,105,193,196,6,965,643,28,21.91
A27,135,0,166,180,10,961,805,28,13.29
A28,135.7,203.5,0,185.7,0,1076.2,759.3,7,7.51
A29,135.7,203.5,0,185.7,0,1076.2,759.3,28,18.2
A30,136,196,98,199,6,847,783,28,26.97
A31,136,162,126,172,10,923,764,28,29.07
A32,136.4,161.6,125.8,171.6,10.4,922.6,764.4,28,29.07
A33,139.6,209.4,0,192,0,1047,806.9,3,8.06
A34,139.6,209.4,0,192,0,1047,806.9,7,14.59
A35,139.6,209.4,0,192,0,1047,806.9,28,28.24
A36,139.6,209.4,0,192,0,1047,806.9,90,39.36
A37,139.6,209.4,0,192,0,1047,806.9,180,44.21
A38,139.6,209.4,0,192,0,1047,806.9,360,44.7
A39,139.7,163.9,127.7,236.7,5.8,868.6,655.6,28,35.23
A40,139.9,132.6,103.3,200.3,7.4,916,753.4,28,36.44
A41,140,164,128,237,6,869,656,28,35.23
A42,140,133,103,200,7,916,753,28,36.44
A43,141.3,212,0,203.5,0,971.8,748.5,3,4.83
A44,141.3,212,0,203.5,0,971.8,748.5,7,10.39
A45,141.3,212,0,203.5,0,971.8,748.5,28,29.89
A46,141.3,212,0,203.5,0,971.8,748.5,90,39.66
A47,141.9,166.6,129.7,173.5,10.9,882.6,785.3,28,44.61
A48,142,167,130,174,11,883,785,28,44.61
A49,143,169,143,191,8,967,643,28,29.72
A50,143,169.4,142.7,190.7,8.4,967.4,643.5,28,29.73
A51,143.6,0,174.9,158.4,17.9,942.7,844.5,28,15.42
A52,143.7,170.2,132.6,191.6,8.5,814.1,805.3,28,29.87
A53,143.8,136.3,106.2,178.1,7.5,941.5,774.3,28,26.15
A54,144,170,133,192,8,814,805,28,29.87
A55,144,0,175,158,18,943,844,28,15.42
A56,144,136,106,178,7,941,774,28,26.14
A57,144,15,195,176,6,1021,709,28,15.34
A58,144.8,0,133.6,180.8,11.1,979.5,811.5,28,13.2
A59,145,116,119,184,5.7,833,880,28,29.16
A60,145,0,134,181,11,979,812,28,13.2
A61,145,0,179,202,8,824,869,28,10.54
A62,145.4,0,178.9,201.7,7.8,824,868.7,28,10.54
A63,145.7,172.6,0,181.9,3.4,985.8,816.8,28,23.74
A64,145.9,230.5,0,202.5,3.4,827,871.8,28,32.72
A65,146,230,0,202,3,827,872,28,33.06
A66,146,173,0,182,3,986,817,28,23.74
A67,146.5,114.6,89.3,201.9,8.8,860,829.5,28,19.99
A68,147,115,89,202,9,860,829,28,19.99
A69,147.8,175.1,0,171.2,2.2,1000,828.5,28,26.92
A70,148,0,182,181,15,839,884,28,15.52
A71,148,175,0,171,2,1000,828,28,26.92
A72,148,0,137,158,16,1002,830,28,17.95
A73,148.1,0,136.6,158.1,16.1,1001.8,830.1,28,17.96
A74,148.1,0,182.1,181.4,15,838.9,884.3,28,15.53
A75,148.5,139.4,108.6,192.7,6.1,892.4,780,28,23.7
A76,149,118,92,183,7,953,780,28,23.52
A77,149,153,194,192,8,935,623,28,24.58
A78,149,139,109,193,6,892,780,28,23.69
A79,149,236,0,176,13,847,893,28,32.96
A80,149,117.6,91.7,182.9,7.1,953.4,780.3,28,23.52
A81,149.5,236,0,175.8,12.6,846.8,892.7,28,32.96
A82,150,237,0,174,12,1069,675,28,37.43
A83,150,236.8,0,173.8,11.9,1069.3,674.8,28,37.43
A84,150.7,0,185.3,166.7,15.6,1074.5,678,28,13.46
A85,150.9,0,183.9,166.6,11.6,991.2,772.2,28,15.57
A86,151,0,184,167,12,991,772,28,15.57
A87,151,0,185,167,16,1074,678,28,13.46
A88,151.6,0,111.9,184.4,7.9,992,815.9,28,12.18
A89,151.8,178.1,138.7,167.5,18.3,944,694.6,28,36.35
A90,152,178,139,168,18,944,695,28,36.35
A91,152,0,112,184,8,992,816,28,12.18
A92,152.6,238.7,0,200,6.3,1001.8,683.9,28,26.86
A93,152.7,144.7,0,178.1,8,999.7,822.2,28,19.01
A94,153,102,0,192,0,888,943.1,3,4.78
A95,153,102,0,192,0,888,943.1,7,8.37
A96,153,239,0,200,6,1002,684,28,26.86
A97,153,145,113,178,8,867,824,28,26.23
A98,153,145,113,178,8,1002,689,28,25.56
A99,153,145,0,178,8,1000,822,28,19.01
A100,153,102,0,192,0,888,943.1,28,17.96
A101,153,102,0,192,0,888,943.1,90,26.32
A102,153.1,145,113,178.5,8,1001.9,688.7,28,25.56
A103,153.1,145,113,178.5,8,867.2,824,28,26.23
A104,153.6,144.2,112.3,220.1,10.1,923.2,657.9,28,16.5
A105,154,174,185,228,7,845,612,28,24.34
A106,154,144,112,220,10,923,658,28,16.5
A107,154.8,183.4,0,193.3,9.1,1047.4,696.7,28,18.29
A108,154.8,183.4,0,193.3,9.1,877.2,867.7,28,23.79
A109,154.8,0,142.8,193.3,9.1,1047.4,696.7,28,12.46
A110,154.8,0,142.8,193.3,9.1,877.2,867.7,28,9.74
A111,155,184,143,194,9,880,699,28,28.99
A112,155,0,143,193,9,877,868,28,9.74
A113,155,183,0,193,9,877,868,28,23.79
A114,155,183,0,193,9,1047,697,28,18.28
A115,155,0,143,193,9,1047,697,28,12.46
A116,155.2,183.9,143.2,193.8,9.2,879.6,698.5,28,28.99
A117,155.6,243.5,0,180.3,10.7,1022,697.7,28,37.36
A118,156,243,0,180,11,1022,698,28,37.36
A119,156,178,187,221,7,854,614,28,29.41
A120,157,236,0,192,0,935.4,781.2,3,9.69
A121,157,236,0,192,0,935.4,781.2,7,16.89
A122,157,236,0,192,0,935.4,781.2,28,33.66
A123,157,214,152,200,9,819,704,28,33.05
A124,157,236,0,192,0,935.4,781.2,90,43.38
A125,158,0,195,220,11,898,713,28,8.54
A126,158.4,0,194.9,219.7,11,897.7,712.9,28,8.54
A127,158.6,148.9,116,175.1,15,953.3,719.7,28,27.68
A128,158.8,238.2,0,185.7,0,1040.6,734.3,7,9.62
A129,158.8,238.2,0,185.7,0,1040.6,734.3,28,21.07
A130,159,209,161,201,7,848,669,28,30.88
A131,159,187,0,176,11,990,789,28,32.76
A132,159,149,116,175,15,953,720,28,27.68
A133,159.1,186.7,0,175.6,11.3,989.6,788.9,28,32.77
A134,159.8,250,0,168.4,12.2,1049.3,688.2,28,39.46
A135,160,128,122,182,6.4,824,879,28,39.4
A136,160,188,146,203,11,829,710,28,32.84
A137,160,250,0,168,12,1049,688,28,39.45
A138,160.2,188,146.4,203.2,11.3,828.7,709.7,28,35.31
A139,162,214,164,202,10,820,680,28,30.65
A140,162,190.1,148.1,178.8,18.8,838.1,741.4,28,33.76
A141,162,207,172,216,10,822,638,28,39.84
A142,162,190,148,179,19,838,741,28,33.76
A143,164,0,200,181,13,849,846,28,15.09
A144,164,163,128,197,8,961,641,28,27.23
A145,164.2,0,200.1,181.2,12.6,849.3,846,28,15.09
A146,164.6,0,150.4,181.6,11.7,1023.3,728.9,28,18.03
A147,165,128.5,132.1,175.1,8.1,1005.8,746.6,3,19.42
A148,165,0,143.6,163.8,0,1005.6,900.9,3,14.4
A149,165,0,143.6,163.8,0,1005.6,900.9,14,16.88
A150,165,128.5,132.1,175.1,8.1,1005.8,746.6,14,33.09
A151,165,0,143.6,163.8,0,1005.6,900.9,28,26.2
A152,165,0,150,182,12,1023,729,28,18.03
A153,165,128.5,132.1,175.1,8.1,1005.8,746.6,28,46.39
A154,165,0,143.6,163.8,0,1005.6,900.9,56,36.56
A155,165,128.5,132.1,175.1,8.1,1005.8,746.6,56,53.72
A156,165,128.5,132.1,175.1,8.1,1005.8,746.6,100,55.02
A157,165,0,143.6,163.8,0,1005.6,900.9,100,37.96
A158,166,260,0,183,13,859,827,28,37.91
A159,166,259.7,0,183.2,12.7,858.8,826.8,28,37.92
A160,166.1,0,163.3,176.5,4.5,1058.6,780.1,3,10.76
A161,166.1,0,163.3,176.5,4.5,1058.6,780.1,14,25.48
A162,166.1,0,163.3,176.5,4.5,1058.6,780.1,28,21.54
A163,166.1,0,163.3,176.5,4.5,1058.6,780.1,56,28.63
A164,166.1,0,163.3,176.5,4.5,1058.6,780.1,100,33.54
A165,166.8,250.2,0,203.5,0,975.6,692.6,3,6.9
A166,166.8,250.2,0,203.5,0,975.6,692.6,7,15.75
A167,166.8,250.2,0,203.5,0,975.6,692.6,28,33.95
A168,166.8,250.2,0,203.5,0,975.6,692.6,90,43.57
A169,167,75.4,167,164,7.9,1007.3,770.1,3,15.52
A170,167,75.4,167,164,7.9,1007.3,770.1,14,32.9
A171,167,187,195,185,7,898,636,28,23.89
A172,167,75.4,167,164,7.9,1007.3,770.1,28,41.41
A173,167,75.4,167,164,7.9,1007.3,770.1,56,53.46
A174,167,75.4,167,164,7.9,1007.3,770.1,100,56.81
A175,167.4,129.9,128.6,175.5,7.8,1006.3,746.6,3,14.94
A176,167.4,129.9,128.6,175.5,7.8,1006.3,746.6,14,31.81
A177,167.4,129.9,128.6,175.5,7.8,1006.3,746.6,28,41.2
A178,167.4,129.9,128.6,175.5,7.8,1006.3,746.6,56,51.72
A179,167.4,129.9,128.6,175.5,7.8,1006.3,746.6,100,53.66
A180,168,42.1,163.8,121.8,5.7,1058.7,780.1,3,7.75
A181,168,42.1,163.8,121.8,5.7,1058.7,780.1,14,17.82
A182,168,42.1,163.8,121.8,5.7,1058.7,780.1,28,24.24
A183,168,42.1,163.8,121.8,5.7,1058.7,780.1,56,32.85
A184,168,42.1,163.8,121.8,5.7,1058.7,780.1,100,39.23
A185,168.9,42.2,124.3,158.3,10.8,1080.8,796.2,3,7.4
A186,168.9,42.2,124.3,158.3,10.8,1080.8,796.2,14,23.51
A187,168.9,42.2,124.3,158.3,10.8,1080.8,796.2,28,31.12
A188,168.9,42.2,124.3,158.3,10.8,1080.8,796.2,56,39.15
A189,168.9,42.2,124.3,158.3,10.8,1080.8,796.2,100,48.15
A190,170.3,155.5,0,185.7,0,1026.6,724.3,7,10.73
A191,170.3,155.5,0,185.7,0,1026.6,724.3,28,25.73
A192,172.4,13.6,172.4,156.8,4.1,1006.3,856.4,3,21.29
A193,172.4,13.6,172.4,156.8,4.1,1006.3,856.4,14,29.75
A194,172.4,13.6,172.4,156.8,4.1,1006.3,856.4,28,33.69
A195,172.4,13.6,172.4,156.8,4.1,1006.3,856.4,56,35.85
A196,172.4,13.6,172.4,156.8,4.1,1006.3,856.4,100,37.68
A197,173,116,0,192,0,946.8,856.8,3,6.94
A198,173,116,0,192,0,946.8,856.8,7,11.39
A199,173,116,0,192,0,946.8,856.8,28,24.28
A200,173,116,0,192,0,946.8,856.8,90,32.1
A201,173.5,50.1,173.5,164.8,6.5,1006.2,793.5,3,23.08
A202,173.5,50.1,173.5,164.8,6.5,1006.2,793.5,14,33.01
A203,173.5,50.1,173.5,164.8,6.5,1006.2,793.5,28,38.2
A204,173.5,50.1,173.5,164.8,6.5,1006.2,793.5,56,53.77
A205,173.5,50.1,173.5,164.8,6.5,1006.2,793.5,100,56.06
A206,173.8,93.4,159.9,172.3,9.7,1007.2,746.6,3,15.82
A207,173.8,93.4,159.9,172.3,9.7,1007.2,746.6,14,29.55
A208,173.8,93.4,159.9,172.3,9.7,1007.2,746.6,28,37.81
A209,173.8,93.4,159.9,172.3,9.7,1007.2,746.6,56,48.99
A210,173.8,93.4,159.9,172.3,9.7,1007.2,746.6,100,50.94
A211,178,129.8,118.6,179.9,3.6,1007.3,746.8,3,20.73
A212,178,129.8,118.6,179.9,3.6,1007.3,746.8,14,34.24
A213,178,129.8,118.6,179.9,3.6,1007.3,746.8,28,39.16
A214,178,129.8,118.6,179.9,3.6,1007.3,746.8,56,48.59
A215,178,129.8,118.6,179.9,3.6,1007.3,746.8,100,49.99
A216,181.4,0,167,169.6,7.6,1055.6,777.8,3,13.62
A217,181.4,0,167,169.6,7.6,1055.6,777.8,14,21.6
A218,181.4,0,167,169.6,7.6,1055.6,777.8,28,27.77
A219,181.4,0,167,169.6,7.6,1055.6,777.8,56,35.57
A220,181.4,0,167,169.6,7.6,1055.6,777.8,100,45.37
A221,181.9,272.8,0,185.7,0,1012.4,714.3,7,12.37
A222,181.9,272.8,0,185.7,0,1012.4,714.3,28,27.94
A223,182,45.2,122,170.2,8.2,1059.4,780.7,3,7.32
A224,182,45.2,122,170.2,8.2,1059.4,780.7,14,21.5
A225,182,45.2,122,170.2,8.2,1059.4,780.7,28,31.27
A226,182,45.2,122,170.2,8.2,1059.4,780.7,56,43.5
A227,182,45.2,122,170.2,8.2,1059.4,780.7,100,48.67
A228,183.9,122.6,0,203.5,0,959.2,800,3,4.9
A229,183.9,122.6,0,203.5,0,959.2,800,7,10.79
A230,183.9,122.6,0,203.5,0,959.2,800,28,24.05
A231,183.9,122.6,0,203.5,0,959.2,800,90,32.53
A232,184,86,190,213,6,923,623,28,22.93
A233,186.2,124.1,0,185.7,0,1083.4,764.3,7,8
A234,186.2,124.1,0,185.7,0,1083.4,764.3,28,17.6
A235,190,190,0,228,0,932,670,28,40.86
A236,190,190,0,228,0,932,670,90,42.33
A237,190,190,0,228,0,932,670,180,46.93
A238,190,190,0,228,0,932,670,270,50.66
A239,190,190,0,228,0,932,670,365,53.69
A240,190.3,0,125.2,161.9,9.9,1088.1,802.6,3,9.45
A241,190.3,0,125.2,166.6,9.9,1079,798.9,3,12.55
A242,190.3,0,125.2,166.6,9.9,1079,798.9,14,19.42
A243,190.3,0,125.2,161.9,9.9,1088.1,802.6,14,22.72
A244,190.3,0,125.2,161.9,9.9,1088.1,802.6,28,28.47
A245,190.3,0,125.2,166.6,9.9,1079,798.9,28,24.85
A246,190.3,0,125.2,166.6,9.9,1079,798.9,56,31.72
A247,190.3,0,125.2,161.9,9.9,1088.1,802.6,56,38.56
A248,190.3,0,125.2,161.9,9.9,1088.1,802.6,100,40.39
A249,190.3,0,125.2,166.6,9.9,1079,798.9,100,33.56
A250,190.7,0,125.4,162.1,7.8,1090,804,3,15.04
A251,190.7,0,125.4,162.1,7.8,1090,804,14,21.06
A252,190.7,0,125.4,162.1,7.8,1090,804,28,26.4
A253,190.7,0,125.4,162.1,7.8,1090,804,56,35.34
A254,190.7,0,125.4,162.1,7.8,1090,804,100,40.57
A255,192,288,0,192,0,929.8,716.1,3,12.79
A256,192,288,0,192,0,929.8,716.1,7,21.48
A257,192,288,0,192,0,929.8,716.1,28,39.32
A258,192,288,0,192,0,929.8,716.1,90,50.73
A259,193.5,290.2,0,185.7,0,998.2,704.3,7,17.2
A260,193.5,290.2,0,185.7,0,998.2,704.3,28,32.63
A261,194.7,0,100.5,165.6,7.5,1006.4,905.9,3,12.45
A262,194.7,0,100.5,170.2,7.5,998,901.8,3,12.18
A263,194.7,0,100.5,170.2,7.5,998,901.8,14,24.28
A264,194.7,0,100.5,165.6,7.5,1006.4,905.9,14,24.99
A265,194.7,0,100.5,170.2,7.5,998,901.8,28,37.27
A266,194.7,0,100.5,165.6,7.5,1006.4,905.9,28,25.72
A267,194.7,0,100.5,165.6,7.5,1006.4,905.9,56,33.96
A268,194.7,0,100.5,170.2,7.5,998,901.8,56,43.39
A269,194.7,0,100.5,165.6,7.5,1006.4,905.9,100,37.34
A270,194.7,0,100.5,170.2,7.5,998,901.8,100,44.28
A271,198.6,132.4,0,192,0,978.4,825.5,3,9.13
A272,198.6,132.4,0,192,0,978.4,825.5,7,14.64
A273,198.6,132.4,0,192,0,978.4,825.5,28,28.02
A274,198.6,132.4,0,192,0,978.4,825.5,90,38.07
A275,198.6,132.4,0,192,0,978.4,825.5,180,41.72
A276,198.6,132.4,0,192,0,978.4,825.5,360,44.3
A277,200,133,0,192,0,965.4,806.2,3,11.41
A278,200,0,0,180,0,1125,845,7,7.84
A279,200,133,0,192,0,965.4,806.2,7,17.17
A280,200,200,0,190,0,1145,660,28,49.25
A281,200,0,0,180,0,1125,845,28,12.25
A282,200,133,0,192,0,965.4,806.2,28,30.44
A283,200,133,0,192,0,965.4,806.2,90,43.25
A284,202,11,141,206,1.7,942,801,3,9.85
A285,202,11,141,206,1.7,942,801,7,15.07
A286,202,11,141,206,1.7,942,801,28,21.97
A287,202,11,141,206,1.7,942,801,56,23.25
A288,203.5,305.3,0,203.5,0,963.4,630,3,9.56
A289,203.5,135.7,0,185.7,0,1076.2,759.3,7,11.96
A290,203.5,305.3,0,203.5,0,963.4,630,7,19.54
A291,203.5,305.3,0,203.5,0,963.4,630,28,41.68
A292,203.5,135.7,0,185.7,0,1076.2,759.3,28,22.63
A293,203.5,305.3,0,203.5,0,963.4,630,90,51.86
A294,210.7,316.1,0,185.7,0,977,689.3,7,21.82
A295,210.7,316.1,0,185.7,0,977,689.3,28,37.81
A296,212,0,124.8,159,7.8,1085.4,799.5,3,19.52
A297,212,141.3,0,203.5,0,973.4,750,3,6.81
A298,212,141.3,0,203.5,0,973.4,750,7,15.03
A299,212,0,124.8,159,7.8,1085.4,799.5,14,31.35
A300,212,0,124.8,159,7.8,1085.4,799.5,28,38.5
A301,212,141.3,0,203.5,0,973.4,750,28,33
A302,212,0,124.8,159,7.8,1085.4,799.5,56,45.08
A303,212,141.3,0,203.5,0,973.4,750,90,39.7
A304,212,0,124.8,159,7.8,1085.4,799.5,100,47.82
A305,212.1,0,121.6,180.3,5.7,1057.6,779.3,3,12.47
A306,212.1,0,121.6,180.3,5.7,1057.6,779.3,14,20.92
A307,212.1,0,121.6,180.3,5.7,1057.6,779.3,28,24.9
A308,212.1,0,121.6,180.3,5.7,1057.6,779.3,56,34.2
A309,212.1,0,121.6,180.3,5.7,1057.6,779.3,100,39.61
A310,212.5,0,100.4,159.3,8.7,1007.8,903.6,3,13.54
A311,212.5,0,100.4,159.3,8.7,1007.8,903.6,14,26.31
A312,212.5,0,100.4,159.3,8.7,1007.8,903.6,28,31.64
A313,212.5,0,100.4,159.3,8.7,1007.8,903.6,56,42.55
A314,212.5,0,100.4,159.3,8.7,1007.8,903.6,100,42.92
A315,212.6,0,100.4,159.4,10.4,1003.8,903.8,3,13.33
A316,212.6,0,100.4,159.4,10.4,1003.8,903.8,14,25.37
A317,212.6,0,100.4,159.4,10.4,1003.8,903.8,28,37.4
A318,212.6,0,100.4,159.4,10.4,1003.8,903.8,56,44.4
A319,212.6,0,100.4,159.4,10.4,1003.8,903.8,100,47.74
A320,213.5,0,174.2,154.6,11.7,1052.3,775.5,3,17.37
A321,213.5,0,174.2,159.2,11.7,1043.6,771.9,3,15.61
A322,213.5,0,174.2,159.2,11.7,1043.6,771.9,14,29.59
A323,213.5,0,174.2,154.6,11.7,1052.3,775.5,14,33.7
A324,213.5,0,174.2,154.6,11.7,1052.3,775.5,28,45.94
A325,213.5,0,174.2,159.2,11.7,1043.6,771.9,28,44.64
A326,213.5,0,174.2,159.2,11.7,1043.6,771.9,56,51.26
A327,213.5,0,174.2,154.6,11.7,1052.3,775.5,56,51.43
A328,213.5,0,174.2,159.2,11.7,1043.6,771.9,100,52.96
A329,213.5,0,174.2,154.6,11.7,1052.3,775.5,100,59.3
A330,213.7,98.1,24.5,181.7,6.9,1065.8,785.4,3,18
A331,213.7,0,174.7,154.8,10.2,1053.5,776.4,3,17.57
A332,213.7,98.1,24.5,181.7,6.9,1065.8,785.4,14,30.39
A333,213.7,0,174.7,154.8,10.2,1053.5,776.4,14,33.73
A334,213.7,0,174.7,154.8,10.2,1053.5,776.4,28,40.15
A335,213.7,98.1,24.5,181.7,6.9,1065.8,785.4,28,45.71
A336,213.7,98.1,24.5,181.7,6.9,1065.8,785.4,56,50.77
A337,213.7,0,174.7,154.8,10.2,1053.5,776.4,56,46.64
A338,213.7,0,174.7,154.8,10.2,1053.5,776.4,100,50.08
A339,213.7,98.1,24.5,181.7,6.9,1065.8,785.4,100,53.9
A340,213.8,98.1,24.5,181.7,6.7,1066,785.5,3,13.18
A341,213.8,98.1,24.5,181.7,6.7,1066,785.5,14,17.84
A342,213.8,98.1,24.5,181.7,6.7,1066,785.5,28,40.23
A343,213.8,98.1,24.5,181.7,6.7,1066,785.5,56,47.13
A344,213.8,98.1,24.5,181.7,6.7,1066,785.5,100,49.97
A345,214.9,53.8,121.9,155.6,9.6,1014.3,780.6,3,18.02
A346,214.9,53.8,121.9,155.6,9.6,1014.3,780.6,14,38.6
A347,214.9,53.8,121.9,155.6,9.6,1014.3,780.6,28,52.2
A348,214.9,53.8,121.9,155.6,9.6,1014.3,780.6,56,53.96
A349,214.9,53.8,121.9,155.6,9.6,1014.3,780.6,100,56.63
A350,218.2,54.6,123.8,140.8,11.9,1075.7,792.7,3,27.42
A351,218.2,54.6,123.8,140.8,11.9,1075.7,792.7,14,35.96
A352,218.2,54.6,123.8,140.8,11.9,1075.7,792.7,28,55.51
A353,218.2,54.6,123.8,140.8,11.9,1075.7,792.7,56,61.99
A354,218.2,54.6,123.8,140.8,11.9,1075.7,792.7,100,63.53
A355,218.9,0,124.1,158.5,11.3,1078.7,794.9,3,15.34
A356,218.9,0,124.1,158.5,11.3,1078.7,794.9,14,26.05
A357,218.9,0,124.1,158.5,11.3,1078.7,794.9,28,30.22
A358,218.9,0,124.1,158.5,11.3,1078.7,794.9,56,37.27
A359,218.9,0,124.1,158.5,11.3,1078.7,794.9,100,46.23
A360,220.8,147.2,0,185.7,0,1055,744.3,7,13.09
A361,220.8,147.2,0,185.7,0,1055,744.3,28,25.75
A362,222.4,0,96.7,189.3,4.5,967.1,870.3,3,11.58
A363,222.4,0,96.7,189.3,4.5,967.1,870.3,14,24.45
A364,222.4,0,96.7,189.3,4.5,967.1,870.3,28,24.89
A365,222.4,0,96.7,189.3,4.5,967.1,870.3,56,29.45
A366,222.4,0,96.7,189.3,4.5,967.1,870.3,100,40.71
A367,225,0,0,181,0,1113,833,7,11.17
A368,225,0,0,181,0,1113,833,28,17.34
A369,228,342.1,0,185.7,0,955.8,674.3,7,21.92
A370,228,342.1,0,185.7,0,955.8,674.3,28,39.7
A371,229.7,0,118.2,195.2,6.1,1028.1,757.6,3,13.36
A372,229.7,0,118.2,195.2,6.1,1028.1,757.6,14,22.32
A373,229.7,0,118.2,195.2,6.1,1028.1,757.6,28,24.54
A374,229.7,0,118.2,195.2,6.1,1028.1,757.6,56,31.35
A375,229.7,0,118.2,195.2,6.1,1028.1,757.6,100,40.86
A376,230,0,118.3,195.5,4.6,1029.4,758.6,3,10.03
A377,230,0,118.3,195.5,4.6,1029.4,758.6,14,20.08
A378,230,0,118.3,195.5,4.6,1029.4,758.6,28,24.48
A379,230,0,118.3,195.5,4.6,1029.4,758.6,56,31.54
A380,230,0,118.3,195.5,4.6,1029.4,758.6,100,35.34
A381,231.8,0,121.6,174,6.7,1056.4,778.5,3,15.44
A382,231.8,0,121.6,174,6.7,1056.4,778.5,14,26.77
A383,231.8,0,121.6,174,6.7,1056.4,778.5,28,33.73
A384,231.8,0,121.6,174,6.7,1056.4,778.5,56,42.7
A385,231.8,0,121.6,174,6.7,1056.4,778.5,100,45.84
A386,233.8,0,94.6,197.9,4.6,947,852.2,3,10.38
A387,233.8,0,94.6,197.9,4.6,947,852.2,14,22.14
A388,233.8,0,94.6,197.9,4.6,947,852.2,28,22.84
A389,233.8,0,94.6,197.9,4.6,947,852.2,56,27.66
A390,233.8,0,94.6,197.9,4.6,947,852.2,100,34.56
A391,234,156,0,189,5.9,981,760,28,39.3
A392,236,0,0,194,0,968,885,3,6.47
A393,236,157,0,192,0,972.6,749.1,3,13.57
A394,236,157,0,192,0,972.6,749.1,7,20.42
A395,236,0,0,193,0,968,885,7,9.99
A396,236,0,0,194,0,968,885,14,12.84
A397,236,157,0,192,0,972.6,749.1,28,32.88
A398,236,0,0,194,0,968,885,28,18.42
A399,236,157,0,192,0,972.6,749.1,90,47.78
A400,236,0,0,194,0,968,885,90,21.95
A401,236,0,0,193,0,968,885,180,24.1
A402,236,0,0,193,0,968,885,365,25.08
A403,236.9,91.7,71.5,246.9,6,852.9,695.4,28,28.63
A404,237,92,71,247,6,853,695,28,28.63
A405,237.5,237.5,0,228,0,932,594,7,26.26
A406,237.5,237.5,0,228,0,932,594,28,30.08
A407,237.5,237.5,0,228,0,932,594,90,33.12
A408,237.5,237.5,0,228,0,932,594,180,36.25
A409,237.5,237.5,0,228,0,932,594,270,38.41
A410,237.5,237.5,0,228,0,932,594,365,39
A411,238,0,0,186,0,1119,789,7,12.05
A412,238,0,0,186,0,1119,789,28,17.54
A413,238,0,0,185,0,1118,789,28,17.54
A414,238.1,0,94.1,186.7,7,949.9,847,3,19.93
A415,238.1,0,0,185.7,0,1118.8,789.3,7,10.34
A416,238.1,0,94.1,186.7,7,949.9,847,14,25.69
A417,238.1,0,0,185.7,0,1118.8,789.3,28,17.58
A418,238.1,0,94.1,186.7,7,949.9,847,28,30.23
A419,238.1,0,94.1,186.7,7,949.9,847,56,39.59
A420,238.1,0,94.1,186.7,7,949.9,847,100,44.3
A421,238.2,158.8,0,185.7,0,1040.6,734.3,7,15.69
A422,238.2,158.8,0,185.7,0,1040.6,734.3,28,26.91
A423,239.6,359.4,0,185.7,0,941.6,664.3,7,25.42
A424,239.6,359.4,0,185.7,0,941.6,664.3,28,39.44
A425,246.8,0,125.1,143.3,12,1086.8,800.9,3,23.52
A426,246.8,0,125.1,143.3,12,1086.8,800.9,14,42.22
A427,246.8,0,125.1,143.3,12,1086.8,800.9,28,52.5
A428,246.8,0,125.1,143.3,12,1086.8,800.9,56,60.32
A429,246.8,0,125.1,143.3,12,1086.8,800.9,100,66.42
A430,249.1,0,98.8,158.1,12.8,987.8,889,3,15.36
A431,249.1,0,98.8,158.1,12.8,987.8,889,14,28.68
A432,249.1,0,98.8,158.1,12.8,987.8,889,28,30.85
A433,249.1,0,98.8,158.1,12.8,987.8,889,56,42.03
A434,249.1,0,98.8,158.1,12.8,987.8,889,100,51.06
A435,250,0,95.7,187.4,5.5,956.9,861.2,3,13.82
A436,250,0,95.7,191.8,5.3,948.9,857.2,3,8.49
A437,250,0,0,182,0,1100,820,7,12.73
A438,250,0,95.7,187.4,5.5,956.9,861.2,14,24.92
A439,250,0,95.7,191.8,5.3,948.9,857.2,14,24.66
A440,250,0,95.7,187.4,5.5,956.9,861.2,28,29.22
A441,250,0,0,182,0,1100,820,28,20.87
A442,250,180,95,159,9.5,860,800,28,67.87
A443,250,0,95.7,191.8,5.3,948.9,857.2,28,27.22
A444,250,0,95.7,191.8,5.3,948.9,857.2,56,39.64
A445,250,0,95.7,187.4,5.5,956.9,861.2,56,38.33
A446,250,0,95.7,187.4,5.5,956.9,861.2,100,42.35
A447,250,0,95.7,191.8,5.3,948.9,857.2,100,41.16
A448,250.2,166.8,0,203.5,0,977.6,694.1,3,9.73
A449,250.2,166.8,0,203.5,0,977.6,694.1,7,19.35
A450,250.2,166.8,0,203.5,0,977.6,694.1,28,36.96
A451,250.2,166.8,0,203.5,0,977.6,694.1,90,47.71
A452,251.4,0,118.3,192.9,5.8,1043.6,754.3,3,11.98
A453,251.4,0,118.3,188.5,5.8,1028.4,757.7,3,17.22
A454,251.4,0,118.3,188.5,6.4,1028.4,757.7,3,13.12
A455,251.4,0,118.3,188.5,6.4,1028.4,757.7,14,24.43
A456,251.4,0,118.3,188.5,5.8,1028.4,757.7,14,29.93
A457,251.4,0,118.3,192.9,5.8,1043.6,754.3,14,20.73
A458,251.4,0,118.3,192.9,5.8,1043.6,754.3,28,33.27
A459,251.4,0,118.3,188.5,6.4,1028.4,757.7,28,32.66
A460,251.4,0,118.3,188.5,5.8,1028.4,757.7,28,29.65
A461,251.4,0,118.3,188.5,6.4,1028.4,757.7,56,36.64
A462,251.4,0,118.3,188.5,5.8,1028.4,757.7,56,36.97
A463,251.4,0,118.3,192.9,5.8,1043.6,754.3,56,39.27
A464,251.4,0,118.3,188.5,6.4,1028.4,757.7,100,44.21
A465,251.4,0,118.3,188.5,5.8,1028.4,757.7,100,43.58
A466,251.4,0,118.3,192.9,5.8,1043.6,754.3,100,40.15
A467,251.8,0,99.9,146.1,12.4,1006,899.8,3,21.02
A468,251.8,0,99.9,146.1,12.4,1006,899.8,14,33.36
A469,251.8,0,99.9,146.1,12.4,1006,899.8,28,33.94
A470,251.8,0,99.9,146.1,12.4,1006,899.8,56,44.14
A471,251.8,0,99.9,146.1,12.4,1006,899.8,100,45.37
A472,252,0,0,186,0,1111,784,7,11.47
A473,252,0,0,185,0,1111,784,7,13.71
A474,252,97,76,194,8,835,821,28,33.4
A475,252,0,0,185,0,1111,784,28,19.69
A476,252,0,0,185,0,1111,784,28,19.69
A477,252.1,97.1,75.6,193.8,8.3,835.5,821.4,28,33.4
A478,252.3,0,98.8,146.3,14.2,987.8,889,3,21.78
A479,252.3,0,98.8,146.3,14.2,987.8,889,14,42.29
A480,252.3,0,98.8,146.3,14.2,987.8,889,28,50.6
A481,252.3,0,98.8,146.3,14.2,987.8,889,56,55.83
A482,252.3,0,98.8,146.3,14.2,987.8,889,100,60.95
A483,252.5,0,0,185.7,0,1111.6,784.3,7,11.48
A484,252.5,0,0,185.7,0,1111.6,784.3,28,19.77
A485,254,0,0,198,0,968,863,3,9.31
A486,254,0,0,198,0,968,863,90,26.94
A487,254,0,0,198,0,968,863,180,27.63
A488,254,0,0,198,0,968,863,365,29.79
A489,255,0,0,192,0,889.8,945,3,8.2
A490,255,0,0,192,0,889.8,945,7,10.22
A491,255,99,77,189,6,919,749,28,33.8
A492,255,0,0,192,0,889.8,945,28,18.75
A493,255,0,0,192,0,889.8,945,90,21.86
A494,255.3,98.8,77,188.6,6.5,919,749.3,28,33.8
A495,255.5,170.3,0,185.7,0,1026.6,724.3,7,17.24
A496,255.5,170.3,0,185.7,0,1026.6,724.3,28,32.05
A497,259.9,100.6,78.4,170.6,10.4,935.7,762.9,28,49.77
A498,260,101,78,171,10,936,763,28,49.77
A499,260.9,100.5,78.3,200.6,8.6,864.5,761.5,28,32.4
A500,261,100,78,201,9,864,761,28,32.4
A501,261.9,110.5,86.1,195.4,5,895.2,732.6,28,33.72
A502,262,111,86,195,5,895,733,28,33.72
A503,264.5,111,86.5,195.5,5.9,832.6,790.4,28,41.54
A504,265,111,86,195,6,833,790,28,41.54
A505,266,114,0,228,0,932,670,28,45.85
A506,266,112,87,178,10,910,745,28,39.42
A507,266,114,0,228,0,932,670,90,47.03
A508,266,114,0,228,0,932,670,180,48.7
A509,266,114,0,228,0,932,670,270,51.73
A510,266,114,0,228,0,932,670,365,52.91
A511,266.2,112.3,87.5,177.9,10.4,909.7,744.5,28,39.42
A512,272.6,0,89.6,198.7,10.6,931.3,762.2,28,32.25
A513,272.8,181.9,0,185.7,0,1012.4,714.3,7,19.77
A514,272.8,105.1,81.8,209.7,9,904,679.7,28,37.17
A515,272.8,181.9,0,185.7,0,1012.4,714.3,28,31.38
A516,273,0,90,199,11,931,762,28,32.24
A517,273,105,82,210,9,904,680,28,37.17
A518,275,0,0,183,0,1088,808,7,14.2
A519,275,180,120,162,10.4,830,765,28,76.24
A520,275,0,0,183,0,1088,808,28,24.5
A521,275.1,0,121.4,159.5,9.9,1053.6,777.5,3,23.8
A522,275.1,0,121.4,159.5,9.9,1053.6,777.5,14,38.77
A523,275.1,0,121.4,159.5,9.9,1053.6,777.5,28,51.33
A524,275.1,0,121.4,159.5,9.9,1053.6,777.5,56,56.85
A525,275.1,0,121.4,159.5,9.9,1053.6,777.5,100,58.61
A526,276,116,90,180,9,870,768,28,44.28
A527,276.4,116,90.3,179.6,8.9,870.1,768.3,28,44.28
A528,277,0,0,191,0,968,856,3,11.36
A529,277,0,0,191,0,968,856,14,21.26
A530,277,116.8,91,190.6,7,946.5,665.6,28,43.58
A531,277,0,0,191,0,968,856,28,25.97
A532,277,117,91,191,7,946,666,28,43.57
A533,277,0,0,191,0,968,856,90,31.25
A534,277,0,0,191,0,968,856,180,32.33
A535,277,0,0,191,0,968,856,360,33.7
A536,277.1,0,97.4,160.6,11.8,973.9,875.6,3,23.14
A537,277.1,0,97.4,160.6,11.8,973.9,875.6,14,41.89
A538,277.1,0,97.4,160.6,11.8,973.9,875.6,28,48.28
A539,277.1,0,97.4,160.6,11.8,973.9,875.6,56,51.04
A540,277.1,0,97.4,160.6,11.8,973.9,875.6,100,55.64
A541,277.2,97.8,24.5,160.7,11.2,1061.7,782.5,3,30.45
A542,277.2,97.8,24.5,160.7,11.2,1061.7,782.5,14,47.71
A543,277.2,97.8,24.5,160.7,11.2,1061.7,782.5,28,63.14
A544,277.2,97.8,24.5,160.7,11.2,1061.7,782.5,56,66.82
A545,277.2,97.8,24.5,160.7,11.2,1061.7,782.5,100,66.95
A546,279.8,128.9,100.4,172.4,9.5,825.1,804.9,28,52.83
A547,280,129,100,172,9,825,805,28,52.82
A548,281,0,0,186,0,1104,774,7,14.5
A549,281,0,0,186,0,1104,774,28,22.44
A550,281,0,0,185,0,1104,774,28,22.44
A551,284,15,141,179,5.5,842,801,3,13.4
A552,284,15,141,179,5.5,842,801,7,24.13
A553,284,120,0,168,7,970,794,28,40.93
A554,284,15,141,179,5.5,842,801,28,43.73
A555,284,119.7,0,168.3,7.2,970.4,794.2,28,40.93
A556,284,15,141,179,5.5,842,801,56,44.52
A557,285,190,0,163,7.6,1031,685,28,53.58
A558,286.3,200.9,0,144.7,11.2,1004.6,803.7,3,24.4
A559,286.3,200.9,0,144.7,11.2,1004.6,803.7,7,38
A560,286.3,200.9,0,144.7,11.2,1004.6,803.7,28,67.7
A561,286.3,200.9,0,144.7,11.2,1004.6,803.7,56,72.99
A562,286.3,200.9,0,144.7,11.2,1004.6,803.7,91,76.8
A563,287,121,94,188,9,904,696,28,41.94
A564,287.3,120.5,93.9,187.6,9.2,904.4,695.9,28,43.8
A565,288,192,0,192,0,932,717.8,3,16.11
A566,288,192,0,192,0,932,717.8,7,23.52
A567,288,192,0,192,0,932,717.8,28,38.8
A568,288,121,0,177,7,908,829,28,42.13
A569,288,192,0,192,0,932,717.8,90,50.53
A570,288.4,121,0,177.4,7,907.9,829.5,28,42.14
A571,289,0,0,192,0,913.2,895.3,3,11.65
A572,289,0,0,192,0,913.2,895.3,7,14.6
A573,289,134,0,195,6,924,760,28,46.24
A574,289,133.7,0,194.9,5.5,924.1,760.1,28,46.25
A575,289,0,0,192,0,913.2,895.3,28,25.57
A576,289,0,0,192,0,913.2,895.3,90,32.07
A577,290.2,193.5,0,185.7,0,998.2,704.3,7,21.86
A578,290.2,193.5,0,185.7,0,998.2,704.3,28,33.04
A579,290.4,0,96.2,168.1,9.4,961.2,865,3,22.5
A580,290.4,0,96.2,168.1,9.4,961.2,865,14,34.67
A581,290.4,0,96.2,168.1,9.4,961.2,865,28,34.74
A582,290.4,0,96.2,168.1,9.4,961.2,865,56,45.08
A583,290.4,0,96.2,168.1,9.4,961.2,865,100,48.97
A584,295,0,0,185,0,1069,769,7,14.8
A585,295,0,0,185,0,1069,769,28,25.18
A586,295.7,0,95.6,171.5,8.9,955.1,859.2,3,22.95
A587,295.7,0,95.6,171.5,8.9,955.1,859.2,14,35.23
A588,295.7,0,95.6,171.5,8.9,955.1,859.2,28,39.94
A589,295.7,0,95.6,171.5,8.9,955.1,859.2,56,48.72
A590,295.7,0,95.6,171.5,8.9,955.1,859.2,100,52.04
A591,295.8,0,0,185.7,0,1091.4,769.3,7,14.84
A592,295.8,0,0,185.7,0,1091.4,769.3,28,25.22
A593,296,0,0,192,0,1085,765,7,14.2
A594,296,0,0,186,0,1090,769,7,18.91
A595,296,0,0,192,0,1085,765,28,21.65
A596,296,0,107,221,11,819,778,28,31.42
A597,296,0,0,186,0,1090,769,28,25.18
A598,296,0,106.7,221.4,10.5,819.2,778.4,28,31.42
A599,296,0,0,192,0,1085,765,90,29.39
A600,297,0,0,186,0,1040,734,7,30.96
A601,297.2,0,117.5,174.8,9.5,1022.8,753.5,3,21.91
A602,297.2,0,117.5,174.8,9.5,1022.8,753.5,14,36.99
A603,297.2,0,117.5,174.8,9.5,1022.8,753.5,28,47.4
A604,297.2,0,117.5,174.8,9.5,1022.8,753.5,56,51.96
A605,297.2,0,117.5,174.8,9.5,1022.8,753.5,100,56.74
A606,297.8,137.2,106.9,201.3,6,878.4,655.3,28,53.52
A607,298,137,107,201,6,878,655,28,53.52
A608,298,0,107,164,13,953,784,28,35.86
A609,298,0,107,210,11,880,744,28,31.87
A610,298,0,107,186,6,879,815,28,42.64
A611,298.1,0,107.5,163.6,12.8,953.2,784,28,35.87
A612,298.1,0,107,186.4,6.1,879,815.2,28,42.64
A613,298.2,0,107,209.7,11.1,879.6,744.2,28,31.88
A614,299.8,0,119.8,211.5,9.9,878.2,727.6,28,23.84
A615,300,0,0,184,0,1075,795,7,15.58
A616,300,0,120,212,10,878,728,28,23.84
A617,300,0,0,184,0,1075,795,28,26.85
A618,302,0,0,203,0,974,817,14,18.13
A619,302,0,0,203,0,974,817,28,21.75
A620,302,0,0,203,0,974,817,180,26.74
A621,303.6,139.9,0,213.5,6.2,895.5,722.5,28,33.42
A622,304,76,0,228,0,932,670,28,47.81
A623,304,140,0,214,6,895,722,28,33.42
A624,304,76,0,228,0,932,670,90,49.19
A625,304,76,0,228,0,932,670,180,50.95
A626,304,76,0,228,0,932,670,270,54.38
A627,304,76,0,228,0,932,670,365,55.26
A628,304.8,0,99.6,196,9.8,959.4,705.2,28,30.12
A629,305,0,100,196,10,959,705,28,30.12
A630,305.3,203.5,0,203.5,0,965.4,631,3,14.14
A631,305.3,203.5,0,203.5,0,965.4,631,7,25.89
A632,305.3,203.5,0,203.5,0,965.4,631,28,43.38
A633,305.3,203.5,0,203.5,0,965.4,631,90,54.6
A634,307,0,0,193,0,968,812,3,12.54
A635,307,0,0,193,0,968,812,28,27.53
A636,307,0,0,193,0,968,812,90,32.92
A637,307,0,0,193,0,968,812,180,34.49
A638,307,0,0,193,0,968,812,365,36.15
A639,309.9,142.8,111.2,167.8,22.1,913.9,651.2,28,38.22
A640,310,0,0,192,0,1012,830,3,11.85
A641,310,0,0,192,0,971,850.6,3,9.87
A642,310,0,0,192,0,1012,830,7,17.24
A643,310,0,0,192,0,970,850,7,14.99
A644,310,143,0,168,10,914,804,28,45.3
A645,310,0,0,192,0,1012,830,28,27.83
A646,310,142.8,0,167.9,10,914.3,804,28,45.3
A647,310,143,111,168,22,914,651,28,33.69
A648,310,0,0,192,0,970,850,28,27.92
A649,310,0,0,192,0,1012,830,90,35.76
A650,310,0,0,192,0,970,850,90,34.68
A651,310,0,0,192,0,1012,830,120,38.7
A652,310,0,0,192,0,970,850,180,37.33
A653,310,0,0,192,0,970,850,360,38.11
A654,312.7,0,0,178.1,8,999.7,822.2,28,25.1
A655,312.7,144.7,0,127.3,8,999.7,822.2,28,44.52
A656,312.9,160.5,0,177.6,9.6,916.6,759.5,28,52.45
A657,313,145,0,127,8,1000,822,28,44.52
A658,313,0,113,178,8,1002,689,28,36.8
A659,313,145,0,178,8,1002,689,28,41.05
A660,313,161,0,178,10,917,759,28,52.44
A661,313,145,0,178,8,867,824,28,44.39
A662,313,0,0,178,8,1000,822,28,25.1
A663,313.3,262.2,0,175.5,8.6,1046.9,611.8,3,28.8
A664,313.3,262.2,0,175.5,8.6,1046.9,611.8,7,42.8
A665,313.3,0,113,178.5,8,1001.9,688.7,28,36.8
A666,313.3,145,0,178.5,8,1001.9,688.7,28,41.05
A667,313.3,145,0,178.5,8,867.2,824,28,40.93
A668,313.3,262.2,0,175.5,8.6,1046.9,611.8,28,59.8
A669,313.3,262.2,0,175.5,8.6,1046.9,611.8,56,64.9
A670,313.3,262.2,0,175.5,8.6,1046.9,611.8,91,66.6
A671,313.8,0,112.6,169.9,10.1,925.3,782.9,28,38.46
A672,314,0,113,170,10,925,783,28,38.46
A673,314,145.3,113.2,178.9,8,869.1,690.2,28,46.23
A674,314,145,113,179,8,869,690,28,46.23
A675,315,137,0,145,5.9,1130,745,28,81.75
A676,316.1,210.7,0,185.7,0,977,689.3,7,24.44
A677,316.1,210.7,0,185.7,0,977,689.3,28,38.7
A678,317.9,0,126.5,209.7,5.7,860.5,736.6,28,40.06
A679,318,0,126,210,6,861,737,28,40.06
A680,318.8,212.5,0,155.7,14.3,852.1,880.4,3,25.2
A681,318.8,212.5,0,155.7,14.3,852.1,880.4,7,33.4
A682,318.8,212.5,0,155.7,14.3,852.1,880.4,28,55.5
A683,318.8,212.5,0,155.7,14.3,852.1,880.4,56,66.1
A684,318.8,212.5,0,155.7,14.3,852.1,880.4,91,68.1
A685,321,0,128,182,11,870,780,28,37.26
A686,321,164,0,190,5,870,774,28,57.21
A687,321.3,164.2,0,190.5,4.6,870,774,28,57.22
A688,321.4,0,127.9,182.5,11.5,870.1,779.7,28,37.27
A689,322,0,0,203,0,974,800,14,20.77
A690,322,149,0,186,8,951,709,28,52.42
A691,322,0,0,203,0,974,800,28,25.18
A692,322,0,116,196,10,818,813,28,31.18
A693,322,0,0,203,0,974,800,180,29.59
A694,322.2,0,115.6,196,10.4,817.9,813.4,28,31.18
A695,322.5,148.6,0,185.8,8.5,951,709.5,28,52.43
A696,323.7,282.8,0,183.8,10.3,942.7,659.9,3,28.3
A697,323.7,282.8,0,183.8,10.3,942.7,659.9,7,49.8
A698,323.7,282.8,0,183.8,10.3,942.7,659.9,28,74.7
A699,323.7,282.8,0,183.8,10.3,942.7,659.9,56,80.2
A700,325,0,0,184,0,1063,783,7,17.54
A701,325,0,0,184,0,1063,783,28,30.57
A702,325.6,166.4,0,174,8.9,881.6,790,28,61.24
A703,326,0,138,199,11,801,792,28,40.68
A704,326,166,0,174,9,882,790,28,61.23
A705,326.5,0,137.9,199,10.8,801.1,792.5,28,38.63
A706,330.5,169.6,0,194.9,8.1,811,802.3,28,56.62
A707,331,0,0,192,0,978,825,3,13.52
A708,331,0,0,192,0,1025,821,3,14.31
A709,331,0,0,192,0,879,825,3,13.52
A710,331,0,0,192,0,978,825,7,16.26
A711,331,0,0,192,0,1025,821,7,17.44
A712,331,0,0,192,0,1025,821,28,31.74
A713,331,0,0,192,0,978,825,28,31.45
A714,331,170,0,195,8,811,802,28,56.61
A715,331,0,0,192,0,1025,821,90,37.91
A716,331,0,0,192,0,978,825,90,37.23
A717,331,0,0,192,0,1025,821,120,39.38
A718,331,0,0,192,0,978,825,180,39
A719,331,0,0,192,0,978,825,360,41.24
A720,332.5,142.5,0,228,0,932,594,7,30.28
A721,332.5,142.5,0,228,0,932,594,28,33.02
A722,332.5,142.5,0,228,0,932,594,90,37.72
A723,332.5,142.5,0,228,0,932,594,180,39.78
A724,332.5,142.5,0,228,0,932,594,270,40.27
A725,332.5,142.5,0,228,0,932,594,365,41.05
A726,333,0,0,192,0,931.2,842.6,3,15.62
A727,333,0,0,192,0,931.2,842.6,7,23.4
A728,333,0,0,192,0,931.2,842.6,28,31.97
A729,333,17.5,163,167,17.9,996,652,28,47.28
A730,333,0,0,192,0,931.2,842.6,90,41.68
A731,334,17.6,158,189,15.3,967,633,28,44.33
A732,336,0,0,182,3,986,817,28,44.86
A733,336.5,0,0,181.9,3.4,985.8,816.8,28,44.87
A734,337.9,189,0,174.9,9.5,944.7,755.8,3,24.1
A735,337.9,189,0,174.9,9.5,944.7,755.8,7,35.1
A736,337.9,189,0,174.9,9.5,944.7,755.8,28,49.9
A737,337.9,189,0,174.9,9.5,944.7,755.8,56,59.89
A738,337.9,189,0,174.9,9.5,944.7,755.8,91,67.8
A739,339,0,0,197,0,968,781,3,13.22
A740,339,0,0,185,0,1069,754,7,21.16
A741,339,0,0,197,0,968,781,7,20.97
A742,339,0,0,197,0,968,781,14,27.04
A743,339,0,0,197,0,968,781,28,32.04
A744,339,0,0,185,0,1069,754,28,31.84
A745,339,0,0,185,0,1060,754,28,31.65
A746,339,0,0,197,0,968,781,90,35.17
A747,339,0,0,197,0,968,781,180,36.45
A748,339,0,0,197,0,968,781,365,38.89
A749,339.2,0,0,185.7,0,1069.2,754.3,7,21.18
A750,339.2,0,0,185.7,0,1069.2,754.3,28,31.9
A751,342,38,0,228,0,932,670,90,50.46
A752,342,38,0,228,0,932,670,180,52.12
A753,342,38,0,228,0,932,670,270,55.06
A754,342,38,0,228,0,932,670,365,56.14
A755,349,0,0,192,0,1047,806.9,3,15.05
A756,349,0,0,192,0,1047,806,3,14.99
A757,349,0,0,192,0,1056,809,3,15.87
A758,349,0,0,192,0,1047,806,7,18.13
A759,349,0,0,192,0,1056,809,7,9.01
A760,349,0,0,192,0,1047,806,28,32.72
A761,349,0,0,192,0,1056,809,28,33.61
A762,349,0,0,192,0,1047,806,90,39.49
A763,349,0,0,192,0,1056,809,90,40.66
A764,349,0,0,192,0,1056,809,120,40.86
A765,349,0,0,192,0,1047,806,180,41.05
A766,349,0,0,192,0,1047,806,360,42.13
A767,350,0,0,186,0,1050,770,7,20.28
A768,350,0,0,203,0,974,775,7,18.13
A769,350,0,0,203,0,974,775,14,22.53
A770,350,0,0,186,0,1050,770,28,34.29
A771,350,0,0,203,0,974,775,28,27.34
A772,350,0,0,203,0,974,775,56,29.98
A773,350,0,0,203,0,974,775,90,31.35
A774,350,0,0,203,0,974,775,180,32.72
A775,355,19,97,145,13.1,967,871,28,44.03
A776,355,19,97,145,12.3,967,871,28,55.45
A777,355.9,0,141.6,193.3,11,801.4,778.4,28,40.87
A778,356,0,142,193,11,801,778,28,40.87
A779,356,119,0,160,9,1061,657,28,59
A780,359,19,141,154,10.9,942,801,3,23.64
A781,359,19,141,154,10.9,942,801,3,25.12
A782,359,19,141,154,10.9,942,801,7,35.75
A783,359,19,141,154,10.9,942,801,7,38.61
A784,359,19,141,154,10.9,942,801,28,59.49
A785,359,19,141,154,10.9,942,801,28,62.94
A786,359,19,141,154,10.9,942,801,56,66.78
A787,359,19,141,154,10.9,942,801,56,68.75
A788,362.6,189,0,164.9,11.6,944.7,755.8,3,35.3
A789,362.6,189,0,164.9,11.6,944.7,755.8,3,35.3
A790,362.6,189,0,164.9,11.6,944.7,755.8,3,35.3
A791,362.6,189,0,164.9,11.6,944.7,755.8,3,35.3
A792,362.6,189,0,164.9,11.6,944.7,755.8,7,55.9
A793,362.6,189,0,164.9,11.6,944.7,755.8,7,22.9
A794,362.6,189,0,164.9,11.6,944.7,755.8,7,55.9
A795,362.6,189,0,164.9,11.6,944.7,755.8,7,55.9
A796,362.6,189,0,164.9,11.6,944.7,755.8,28,71.3
A797,362.6,189,0,164.9,11.6,944.7,755.8,28,71.3
A798,362.6,189,0,164.9,11.6,944.7,755.8,28,71.3
A799,362.6,189,0,164.9,11.6,944.7,755.8,28,71.3
A800,362.6,189,0,164.9,11.6,944.7,755.8,56,77.3
A801,362.6,189,0,164.9,11.6,944.7,755.8,56,77.3
A802,362.6,189,0,164.9,11.6,944.7,755.8,56,77.3
A803,362.6,189,0,164.9,11.6,944.7,755.8,56,77.3
A804,362.6,189,0,164.9,11.6,944.7,755.8,91,79.3
A805,362.6,189,0,164.9,11.6,944.7,755.8,91,79.3
A806,362.6,189,0,164.9,11.6,944.7,755.8,91,79.3
A807,362.6,189,0,164.9,11.6,944.7,755.8,91,79.3
A808,366,187,0,191.3,6.6,824.3,756.9,28,65.91
A809,366,187,0,191,7,824,757,28,65.91
A810,374,189.2,0,170.1,10.1,926.1,756.7,3,34.4
A811,374,189.2,0,170.1,10.1,926.1,756.7,7,46.2
A812,374,189.2,0,170.1,10.1,926.1,756.7,28,61.09
A813,374,0,0,190,7,1013,730,28,39.05
A814,374,189.2,0,170.1,10.1,926.1,756.7,56,63.4
A815,374,189.2,0,170.1,10.1,926.1,756.7,91,64.9
A816,374.3,0,0,190.2,6.7,1013.2,730.4,28,39.06
A817,375,93.8,0,126.6,23.4,852.1,992.6,3,29
A818,375,93.8,0,126.6,23.4,852.1,992.6,7,45.7
A819,375,0,0,186,0,1038,758,7,26.06
A820,375,93.8,0,126.6,23.4,852.1,992.6,28,56.7
A821,375,0,0,186,0,1038,758,28,38.21
A822,375,93.8,0,126.6,23.4,852.1,992.6,56,60.2
A823,375,93.8,0,126.6,23.4,852.1,992.6,91,62.5
A824,376,0,0,214.6,0,1003.5,762.4,3,16.28
A825,376,0,0,214.6,0,1003.5,762.4,14,25.62
A826,376,0,0,214.6,0,1003.5,762.4,28,31.97
A827,376,0,0,214.6,0,1003.5,762.4,56,36.3
A828,376,0,0,214.6,0,1003.5,762.4,100,43.06
A829,379.5,151.2,0,153.9,15.9,1134.3,605,3,28.6
A830,379.5,151.2,0,153.9,15.9,1134.3,605,7,47.1
A831,379.5,151.2,0,153.9,15.9,1134.3,605,28,52.2
A832,379.5,151.2,0,153.9,15.9,1134.3,605,56,54.9
A833,379.5,151.2,0,153.9,15.9,1134.3,605,91,56.5
A834,380,95,0,228,0,932,594,7,32.82
A835,380,95,0,228,0,932,594,28,36.45
A836,380,0,0,228,0,932,670,90,52.91
A837,380,95,0,228,0,932,594,90,40.56
A838,380,0,0,228,0,932,670,180,53.1
A839,380,95,0,228,0,932,594,180,40.76
A840,380,95,0,228,0,932,594,270,41.15
A841,380,0,0,228,0,932,670,270,53.3
A842,380,95,0,228,0,932,594,365,43.7
A843,380,0,0,228,0,932,670,365,52.52
A844,381.4,0,0,185.7,0,1104.6,784.3,7,14.54
A845,381.4,0,0,185.7,0,1104.6,784.3,28,22.49
A846,382,0,0,186,0,1047,739,7,24
A847,382,0,0,186,0,1111,784,7,11.47
A848,382,0,0,185,0,1047,739,7,24
A849,382,0,0,185,0,1047,739,28,37.42
A850,382,0,0,186,0,1047,739,28,37.42
A851,382.5,0,0,185.7,0,1047.8,739.3,7,24.07
A852,382.5,0,0,185.7,0,1047.8,739.3,28,37.44
A853,385,0,0,186,0,966,763,1,6.27
A854,385,0,0,186,0,966,763,3,14.7
A855,385,0,0,186,0,966,763,7,23.22
A856,385,0,0,186,0,966,763,14,27.92
A857,385,0,0,186,0,966,763,28,31.35
A858,385,0,136,158,20,903,768,28,55.55
A859,387,20,94,157,13.9,938,845,3,25.51
A860,387,20,94,157,14.3,938,845,3,22.75
A861,387,20,94,157,11.6,938,845,3,34.77
A862,387,20,94,157,13.9,938,845,7,45.9
A863,387,20,94,157,14.3,938,845,7,36.84
A864,387,20,94,157,11.6,938,845,7,41.67
A865,387,20,94,157,13.9,938,845,28,46.68
A866,387,20,94,157,11.6,938,845,28,46.68
A867,387,20,94,157,14.3,938,845,28,50.24
A868,387,20,94,157,11.6,938,845,56,61.46
A869,387,20,94,157,14.3,938,845,56,56.34
A870,387,20,94,157,13.9,938,845,56,47.97
A871,388.6,97.1,0,157.9,12.1,852.1,925.7,3,28.1
A872,388.6,97.1,0,157.9,12.1,852.1,925.7,7,34.9
A873,388.6,97.1,0,157.9,12.1,852.1,925.7,28,50.7
A874,388.6,97.1,0,157.9,12.1,852.1,925.7,56,55.2
A875,388.6,97.1,0,157.9,12.1,852.1,925.7,91,57.6
A876,389.9,189,0,145.9,22,944.7,755.8,3,40.6
A877,389.9,189,0,145.9,22,944.7,755.8,7,59.09
A878,389.9,189,0,145.9,22,944.7,755.8,28,74.5
A879,389.9,189,0,145.9,22,944.7,755.8,56,79.4
A880,389.9,189,0,145.9,22,944.7,755.8,91,82.6
A881,393,0,0,192,0,940.6,785.6,3,19.2
A882,393,0,0,192,0,940,758,3,19.11
A883,393,0,0,192,0,940.6,785.6,7,27.74
A884,393,0,0,192,0,940.6,785.6,28,39.6
A885,393,0,0,192,0,940,758,28,39.58
A886,393,0,0,192,0,940.6,785.6,90,48.85
A887,393,0,0,192,0,940,758,90,48.79
A888,397,0,0,185.7,0,1040.6,734.3,7,25.45
A889,397,17.2,158,167,20.8,967,633,28,55.65
A890,397,0,0,185,0,1040,734,28,39.09
A891,397,0,0,185.7,0,1040.6,734.3,28,33.08
A892,397,0,0,186,0,1040,734,28,36.94
A893,400,0,0,187,0,1025,745,7,30.14
A894,400,0,0,187,0,1025,745,28,43.7
A895,401.8,94.7,0,147.4,11.4,946.8,852.1,3,41.1
A896,401.8,94.7,0,147.4,11.4,946.8,852.1,7,54.1
A897,401.8,94.7,0,147.4,11.4,946.8,852.1,28,68.5
A898,401.8,94.7,0,147.4,11.4,946.8,852.1,56,73.7
A899,401.8,94.7,0,147.4,11.4,946.8,852.1,91,75.5
A900,405,0,0,175,0,1120,695,28,52.3
A901,424,22,132,168,8.9,822,750,3,32.11
A902,424,22,132,178,8.5,882,750,3,32.01
A903,424,22,132,178,8.5,822,750,7,39
A904,424,22,132,168,8.9,822,750,7,40.29
A905,424,22,132,168,8.9,822,750,28,72.1
A906,424,22,132,178,8.5,822,750,28,62.05
A907,424,22,132,178,8.5,822,750,56,65.7
A908,424,22,132,168,8.9,822,750,56,74.36
A909,425,106.3,0,153.5,16.5,852.1,887.1,3,33.4
A910,425,106.3,0,153.5,16.5,852.1,887.1,3,33.4
A911,425,106.3,0,153.5,16.5,852.1,887.1,3,33.4
A912,425,106.3,0,151.4,18.6,936,803.7,3,36.3
A913,425,106.3,0,153.5,16.5,852.1,887.1,7,49.2
A914,425,106.3,0,151.4,18.6,936,803.7,7,46.8
A915,425,106.3,0,153.5,16.5,852.1,887.1,7,49.2
A916,425,106.3,0,153.5,16.5,852.1,887.1,7,49.2
A917,425,106.3,0,153.5,16.5,852.1,887.1,28,60.29
A918,425,106.3,0,153.5,16.5,852.1,887.1,28,60.29
A919,425,106.3,0,151.4,18.6,936,803.7,28,61.8
A920,425,106.3,0,153.5,16.5,852.1,887.1,28,60.29
A921,425,106.3,0,151.4,18.6,936,803.7,56,64.9
A922,425,106.3,0,153.5,16.5,852.1,887.1,56,64.3
A923,425,106.3,0,153.5,16.5,852.1,887.1,56,64.3
A924,425,106.3,0,153.5,16.5,852.1,887.1,56,64.3
A925,425,106.3,0,153.5,16.5,852.1,887.1,91,65.2
A926,425,106.3,0,153.5,16.5,852.1,887.1,91,65.2
A927,425,106.3,0,153.5,16.5,852.1,887.1,91,65.2
A928,425,106.3,0,151.4,18.6,936,803.7,91,66.7
A929,427.5,47.5,0,228,0,932,594,7,35.08
A930,427.5,47.5,0,228,0,932,594,28,37.43
A931,427.5,47.5,0,228,0,932,594,90,41.54
A932,427.5,47.5,0,228,0,932,594,180,41.84
A933,427.5,47.5,0,228,0,932,594,270,43.01
A934,427.5,47.5,0,228,0,932,594,365,43.7
A935,436,0,0,218,0,838.4,719.7,28,23.85
A936,439,177,0,186,11.1,884.9,707.9,3,39.3
A937,439,177,0,186,11.1,884.9,707.9,7,56.1
A938,439,177,0,186,11.1,884.9,707.9,28,66
A939,439,177,0,186,11.1,884.9,707.9,56,71.7
A940,439,177,0,186,11.1,884.9,707.9,91,73.3
A941,446,24,79,162,11.6,967,712,3,35.36
A942,446,24,79,162,11.6,967,712,3,23.35
A943,446,24,79,162,11.6,967,712,3,25.02
A944,446,24,79,162,11.6,967,712,7,39.3
A945,446,24,79,162,11.6,967,712,7,38.02
A946,446,24,79,162,11.6,967,712,7,52.01
A947,446,24,79,162,11.6,967,712,28,44.42
A948,446,24,79,162,11.6,967,712,28,57.03
A949,446,24,79,162,10.3,967,712,28,53.39
A950,446,24,79,162,11.6,967,712,28,51.02
A951,446,24,79,162,11.6,967,712,56,61.07
A952,446,24,79,162,11.6,967,712,56,56.14
A953,446,24,79,162,11.6,967,712,56,55.25
A954,446,24,79,162,10.3,967,712,56,54.77
A955,450.1,50,0,200,3,1124.4,613.2,28,39.38
A956,451,0,0,165,11.3,1030,745,28,78.8
A957,469,117.2,0,137.8,32.2,852.1,840.5,3,40.2
A958,469,117.2,0,137.8,32.2,852.1,840.5,7,54.9
A959,469,117.2,0,137.8,32.2,852.1,840.5,28,66.9
A960,469,117.2,0,137.8,32.2,852.1,840.5,56,69.3
A961,469,117.2,0,137.8,32.2,852.1,840.5,91,70.7
A962,475,118.8,0,181.1,8.9,852.1,781.5,3,37.8
A963,475,0,0,228,0,932,594,7,38.6
A964,475,118.8,0,181.1,8.9,852.1,781.5,7,55.6
A965,475,0,0,228,0,932,594,28,39.29
A966,475,0,59,142,1.9,1098,641,28,57.23
A967,475,0,0,162,9.5,1044,662,28,58.52
A968,475,118.8,0,181.1,8.9,852.1,781.5,28,68.3
A969,475,118.8,0,181.1,8.9,852.1,781.5,56,72.3
A970,475,0,0,228,0,932,594,90,42.23
A971,475,118.8,0,181.1,8.9,852.1,781.5,91,74.19
A972,475,0,0,228,0,932,594,180,42.62
A973,475,0,0,228,0,932,594,270,42.13
A974,475,0,0,228,0,932,594,365,41.93
A975,480,0,0,192,0,936,721,3,24.39
A976,480,0,0,192,0,936.2,712.2,3,24.4
A977,480,0,0,192,0,936.2,712.2,7,34.57
A978,480,0,0,192,0,936.2,712.2,28,43.94
A979,480,0,0,192,0,936,721,28,43.89
A980,480,0,0,192,0,936.2,712.2,90,54.32
A981,480,0,0,192,0,936,721,90,54.28
A982,485,0,0,146,0,1120,800,28,71.99
A983,491,26,123,201,3.9,822,699,3,29.55
A984,491,26,123,210,3.9,882,699,3,25.61
A985,491,26,123,201,3.9,822,699,7,37.92
A986,491,26,123,210,3.9,882,699,7,33.49
A987,491,26,123,210,3.9,882,699,28,55.55
A988,491,26,123,201,3.9,822,699,28,57.92
A989,491,26,123,201,3.9,822,699,56,61.86
A990,491,26,123,210,3.9,882,699,56,59.59
A991,500,0,0,200,0,1125,613,1,12.64
A992,500,0,0,200,0,1125,613,3,26.06
A993,500,0,0,200,0,1125,613,7,33.21
A994,500,0,0,200,0,1125,613,14,36.94
A995,500,0,0,140,4,966,853,28,67.57
A996,500,0,0,151,9,1033,655,28,69.84
A997,500,0,0,200,0,1125,613,28,44.09
A998,500,0,0,200,0,1125,613,90,47.22
A999,500,0,0,200,0,1125,613,180,51.04
A1000,500,0,0,200,0,1125,613,270,55.16
A1001,500.1,0,0,200,3,1124.4,613.2,28,44.13
A1002,505,0,60,195,0,1030,630,28,64.02
A1003,516,0,0,162,8.3,801,802,28,41.37
A1004,516,0,0,162,8.2,801,802,28,41.37
A1005,520,0,0,170,5.2,855,855,28,60.28
A1006,520,0,0,175,5.2,870,805,28,51.02
A1007,522,0,0,146,0,896,896,7,50.51
A1008,522,0,0,146,0,896,896,28,74.99
A1009,525,0,0,189,0,1125,613,3,33.8
A1010,525,0,0,189,0,1125,613,7,42.42
A1011,525,0,0,189,0,1125,613,14,48.4
A1012,525,0,0,189,0,1125,613,28,55.94
A1013,525,0,0,189,0,1125,613,90,58.78
A1014,525,0,0,189,0,1125,613,180,61.92
A1015,525,0,0,189,0,1125,613,270,67.11
A1016,528,0,0,185,6.9,920,720,28,56.83
A1017,531.3,0,0,141.8,28.2,852.1,893.7,3,41.3
A1018,531.3,0,0,141.8,28.2,852.1,893.7,7,46.9
A1019,531.3,0,0,141.8,28.2,852.1,893.7,28,56.4
A1020,531.3,0,0,141.8,28.2,852.1,893.7,56,58.8
A1021,531.3,0,0,141.8,28.2,852.1,893.7,91,59.2
A1022,540,0,0,173,0,1125,613,3,41.64
A1023,540,0,0,173,0,1125,613,7,52.61
A1024,540,0,0,173,0,1125,613,14,59.76
A1025,540,0,0,162,2.5,1055,676,28,61.89
A1026,540,0,0,162,2.5,1040,676,28,79.99
A1027,540,0,0,173,0,1125,613,28,67.31
A1028,540,0,0,173,0,1125,613,90,69.66
A1029,540,0,0,173,0,1125,613,180,71.62
A1030,540,0,0,173,0,1125,613,270,74.17
